Commit SHA,Java File,Old function signature,New function signature
69279375d40bcfc315071ee7b97a926ca105ad43,Others/GCD.java,gcd ( int [] number ),"gcd ( int  num1, int  num2 )"
6d76e33c1973045f7c3cd91ef166de42170f1944,Others/GCD.java,gcd ( int [] number ),"gcd ( int  num1, int  num2 )"
cc6af5f59e416eb969959734d04d8e545b829e12,Others/GCD.java,gcd ( int [] number ),"gcd ( int  num1, int  num2 )"
ac24f7d6f4d97899794120b2f9035a5372f6246c,data_structures/heaps/MaxHeap.java,getElement  ( ),getElement ( int  elementIndex )
ac24f7d6f4d97899794120b2f9035a5372f6246c,data_structures/heaps/MinHeap.java,getElement  ( ),getElement ( int  elementIndex )
86f5fd28c2ce79e73c3d66ea33b2fdbe93595b39,data_structures/heaps/MaxHeap.java,getElement  ( ),getElement ( int  elementIndex )
86f5fd28c2ce79e73c3d66ea33b2fdbe93595b39,data_structures/heaps/MinHeap.java,getElement  ( ),getElement ( int  elementIndex )
b8d98f933708f1b5fa66f875bc5857af80b95e6c,data_structures/heaps/MaxHeap.java,getElement  ( ),getElement ( int  elementIndex )
b8d98f933708f1b5fa66f875bc5857af80b95e6c,data_structures/heaps/MinHeap.java,getElement  ( ),getElement ( int  elementIndex )
a7cef0c4e4ce9e32cf0f6bf6197fde683c5f3452,data_structures/heaps/MaxHeap.java,getElement  ( ),getElement ( int  elementIndex )
a7cef0c4e4ce9e32cf0f6bf6197fde683c5f3452,data_structures/heaps/MinHeap.java,getElement  ( ),getElement ( int  elementIndex )
abbc4bee08adf9f0d6a26ad778600d9be0350c16,data_structures/heaps/MaxHeap.java,getElement  ( ),getElement ( int  elementIndex )
abbc4bee08adf9f0d6a26ad778600d9be0350c16,data_structures/heaps/MinHeap.java,getElement  ( ),getElement ( int  elementIndex )
e0b9205f69c030ea198cdb80f459a7575a18cd73,data_structures/heaps/MaxHeap.java,getElement  ( ),getElement ( int  elementIndex )
e0b9205f69c030ea198cdb80f459a7575a18cd73,data_structures/heaps/MinHeap.java,getElement  ( ),getElement ( int  elementIndex )
51054645c2a7713318178f484b989e733c791f78,data_structures/heaps/MaxHeap.java,getElement  ( ),getElement ( int  elementIndex )
51054645c2a7713318178f484b989e733c791f78,data_structures/heaps/MinHeap.java,getElement  ( ),getElement ( int  elementIndex )
4c14273d17bc3196d6b76d58fc2a9d6b7b222548,data_structures/heaps/MaxHeap.java,getElement  ( ),getElement ( int  elementIndex )
4c14273d17bc3196d6b76d58fc2a9d6b7b222548,data_structures/heaps/MinHeap.java,getElement  ( ),getElement ( int  elementIndex )
